System,Window,pH,Resname,Resnum,State,Population,N_Prot
WT,window_00,6.0,HIP,15,0,0.9741620000000001,2
WT,window_00,6.0,CYS,17,0,1.0,1
WT,window_00,6.0,CYS,42,0,1.0,1
WT,window_00,6.0,LYS,45,0,1.0,3
WT,window_00,6.0,LYS,64,0,1.0,3
WT,window_00,6.0,LYS,72,0,0.99998,3
WT,window_00,6.0,HIP,88,0,0.001562,2
WT,window_00,6.0,HIP,103,0,0.605572,2
WT,window_00,6.0,HIP,113,0,0.591928,2
WT,window_00,6.0,HIP,115,0,0.097678,2
WT,window_00,6.0,CYS,134,0,0.99997,1
WT,window_00,6.0,HIP,147,0,0.276804,2
WT,window_00,6.0,HIP,149,0,0.80987,2
WT,window_00,6.0,LYS,158,0,1.0,3
WT,window_00,6.0,HIP,163,0,0.41134,2
WT,window_00,6.0,LYS,167,0,0.9996440000000001,3
WT,window_00,6.0,LYS,169,0,0.999698,3
WT,window_00,6.0,LYS,174,0,0.9999239999999999,3
WT,window_00,6.0,LYS,175,0,1.0,3
WT,window_00,6.0,CYS,179,0,1.0,1
WT,window_00,6.0,CYS,180,0,1.0,1
WT,window_00,6.0,HIP,190,0,0.974938,2
WT,window_00,6.0,LYS,208,0,1.0,3
WT,window_00,6.0,CYS,224,0,1.0,1
WT,window_00,6.0,LYS,229,0,0.997966,3
WT,window_00,6.0,LYS,257,0,1.0,3
WT,window_00,6.0,LYS,275,0,1.0,3
WT,window_00,6.0,CYS,278,0,1.0,1
WT,window_00,6.0,LYS,301,0,0.99987,3
WT,window_00,6.0,LYS,304,0,0.99977,3
WT,window_00,6.0,CYS,306,0,1.0,1
WT,window_00,6.0,LYS,321,0,0.9990180000000001,3
WT,window_00,6.0,LYS,322,0,0.9987020000000001,3
WT,window_00,6.0,LYS,326,0,1.0,3
WT,window_00,6.0,LYS,345,0,0.999908,3
WT,window_00,6.0,CYS,350,0,1.0,1
WT,window_00,6.0,HIP,353,0,0.32898,2
WT,window_00,6.0,LYS,362,0,1.0,3
WT,window_00,6.0,LYS,363,0,0.9995200000000001,3
WT,window_00,6.0,LYS,372,0,1.0,3
WT,window_00,6.0,LYS,375,0,1.0,3
WT,window_00,6.0,LYS,380,0,1.0,3
WT,window_00,6.0,LYS,401,0,0.9998239999999999,3
WT,window_00,6.0,HIP,415,0,0.917142,2
WT,window_00,6.0,HIP,422,0,0.888172,2
WT,window_00,6.0,LYS,433,0,1.0,3
WT,window_00,6.0,HIP,15,1,0.025838,1
WT,window_00,6.0,CYS,17,1,0.0,0
WT,window_00,6.0,CYS,42,1,0.0,0
WT,window_00,6.0,LYS,45,1,0.0,2
WT,window_00,6.0,LYS,64,1,0.0,2
WT,window_00,6.0,LYS,72,1,2e-05,2
WT,window_00,6.0,HIP,88,1,0.006102000000000001,1
WT,window_00,6.0,HIP,103,1,0.34914,1
WT,window_00,6.0,HIP,113,1,0.25951199999999996,1
WT,window_00,6.0,HIP,115,1,0.88033,1
WT,window_00,6.0,CYS,134,1,2.9999999999999997e-05,0
WT,window_00,6.0,HIP,147,1,0.672826,1
WT,window_00,6.0,HIP,149,1,0.029798,1
WT,window_00,6.0,LYS,158,1,0.0,2
WT,window_00,6.0,HIP,163,1,0.0,1
WT,window_00,6.0,LYS,167,1,0.000356,2
WT,window_00,6.0,LYS,169,1,0.000302,2
WT,window_00,6.0,LYS,174,1,7.6e-05,2
WT,window_00,6.0,LYS,175,1,0.0,2
WT,window_00,6.0,CYS,179,1,0.0,0
WT,window_00,6.0,CYS,180,1,0.0,0
WT,window_00,6.0,HIP,190,1,0.017112,1
WT,window_00,6.0,LYS,208,1,0.0,2
WT,window_00,6.0,CYS,224,1,0.0,0
WT,window_00,6.0,LYS,229,1,0.002034,2
WT,window_00,6.0,LYS,257,1,0.0,2
WT,window_00,6.0,LYS,275,1,0.0,2
WT,window_00,6.0,CYS,278,1,0.0,0
WT,window_00,6.0,LYS,301,1,0.00013000000000000002,2
WT,window_00,6.0,LYS,304,1,0.00022999999999999998,2
WT,window_00,6.0,CYS,306,1,0.0,0
WT,window_00,6.0,LYS,321,1,0.000982,2
WT,window_00,6.0,LYS,322,1,0.0012980000000000001,2
WT,window_00,6.0,LYS,326,1,0.0,2
WT,window_00,6.0,LYS,345,1,9.2e-05,2
WT,window_00,6.0,CYS,350,1,0.0,0
WT,window_00,6.0,HIP,353,1,0.39942,1
WT,window_00,6.0,LYS,362,1,0.0,2
WT,window_00,6.0,LYS,363,1,0.00047999999999999996,2
WT,window_00,6.0,LYS,372,1,0.0,2
WT,window_00,6.0,LYS,375,1,0.0,2
WT,window_00,6.0,LYS,380,1,0.0,2
WT,window_00,6.0,LYS,401,1,0.000176,2
WT,window_00,6.0,HIP,415,1,0.021936,1
WT,window_00,6.0,HIP,422,1,0.102122,1
WT,window_00,6.0,LYS,433,1,0.0,2
WT,window_00,6.0,HIP,15,2,0.0,1
WT,window_00,6.0,HIP,88,2,0.9923360000000001,1
WT,window_00,6.0,HIP,103,2,0.045288,1
WT,window_00,6.0,HIP,113,2,0.14856,1
WT,window_00,6.0,HIP,115,2,0.021991999999999998,1
WT,window_00,6.0,HIP,147,2,0.05037,1
WT,window_00,6.0,HIP,149,2,0.160332,1
WT,window_00,6.0,HIP,163,2,0.5886600000000001,1
WT,window_00,6.0,HIP,190,2,0.00795,1
WT,window_00,6.0,HIP,353,2,0.2716,1
WT,window_00,6.0,HIP,415,2,0.060922000000000004,1
WT,window_00,6.0,HIP,422,2,0.009706000000000001,1
